"Word","Count","Density"
"saya","76 ","3.30%"
"lamaran","58 ","2.52%"
"surat","54 ","2.34%"
"yang","46 ","2.00%"
"kerja","42 ","1.82%"
"contoh","38 ","1.65%"
"ini","37 ","1.61%"
"reply","36 ","1.56%"
"di","31 ","1.35%"
"bapak","27 ","1.17%"
"dan","27 ","1.17%"
"untuk","27 ","1.17%"
"dengan","25 ","1.09%"
"perusahaan","24 ","1.04%"
"ibu","22 ","0.96%"
"pekerjaan","22 ","0.96%"
"foto","22 ","0.96%"
"hormat","19 ","0.83%"
"surakarta","18 ","0.78%"
"bisa","18 ","0.78%"
"sebagai","16 ","0.69%"
"atas","15 ","0.65%"
"kasih","15 ","0.65%"
"terima","15 ","0.65%"
"fotocopy","14 ","0.61%"
"pimpin","14 ","0.61%"
"dalam","14 ","0.61%"
"kepada","13 ","0.56%"
"baik","13 ","0.56%"
"dapat","11 ","0.48%"
"ijazah","11 ","0.48%"
"harapan","11 ","0.48%"
"thanks","10 ","0.43%"
"kamu","10 ","0.43%"
"window","10 ","0.43%"
"share","10 ","0.43%"
"opens","10 ","0.43%"
"mengajukan","10 ","0.43%"
"besar","9 ","0.39%"
"karyawan","9 ","0.39%"
"pertimbangan","9 ","0.39%"
"lahir","9 ","0.39%"
"bahan","9 ","0.39%"
"pas","9 ","0.39%"
"rt","8 ","0.35%"
"diterima","8 ","0.35%"
"daftar","8 ","0.35%"
"hidup","8 ","0.35%"
"berkas","8 ","0.35%"
"buat","8 ","0.35%"
"nama","8 ","0.35%"
"bersama","8 ","0.35%"
"terakhir","8 ","0.35%"
"tangan","8 ","0.35%"
"ktp","8 ","0.35%"
"sangat","8 ","0.35%"
"lampirkan","8 ","0.35%"
"alamat","8 ","0.35%"
"bahasa","8 ","0.35%"
"ucapkan","8 ","0.35%"
"sukoharjo","7 ","0.30%"
"inggris","7 ","0.30%"
"benar","7 ","0.30%"
"tempat","7 ","0.30%"
"lembar","7 ","0.30%"
"solo","7 ","0.30%"
"riwayat","7 ","0.30%"
"demikian","7 ","0.30%"
"perhatian","7 ","0.30%"
"bekerja","7 ","0.30%"
"baru","7 ","0.30%"
"permohonan","7 ","0.30%"
"lengkap","6 ","0.26%"
"yth","6 ","0.26%"
"amp","6 ","0.26%"
"itu","6 ","0.26%"
"membantu","6 ","0.26%"
"tanggal","6 ","0.26%"
"jl","6 ","0.26%"
"pimpinan","6 ","0.26%"
"email","6 ","0.26%"
"banget","6 ","0.26%"
"bertanda","6 ","0.26%"
"bergabung","5 ","0.22%"
"silahkan","5 ","0.22%"
"bapakibu","5 ","0.22%"
"pendidikan","5 ","0.22%"
"min","5 ","0.22%"
"kartu","5 ","0.22%"
"referensi","5 ","0.22%"
"kumpulan","5 ","0.22%"
"dibawah","4 ","0.17%"
"semoga","4 ","0.17%"
"satu","4 ","0.17%"
"vitae","4 ","0.17%"
"laki","4 ","0.17%"
"bermanfaat","4 ","0.17%"
"pada","4 ","0.17%"
"sekali","4 ","0.17%"
"izin","4 ","0.17%"
"beserta","4 ","0.17%"
"membuat","4 ","0.17%"
"menjadi","4 ","0.17%"
"mandiri","4 ","0.17%"
"lestari","4 ","0.17%"
"post","4 ","0.17%"
"bank","4 ","0.17%"
"diri","4 ","0.17%"
"ingin","4 ","0.17%"
"banyak","4 ","0.17%"
"november","4 ","0.17%"
"curriculum","4 ","0.17%"
"terbaru","4 ","0.17%"
"bawah","3 ","0.13%"
"adanya","3 ","0.13%"
"telah","3 ","0.13%"
"secara","3 ","0.13%"
"perhatiannya","3 ","0.13%"
"gan","3 ","0.13%"
"ya","3 ","0.13%"
"melamar","3 ","0.13%"
"lamarannya","3 ","0.13%"
"menjadikan","3 ","0.13%"
"doc","3 ","0.13%"
"juga","3 ","0.13%"
"makasih","3 ","0.13%"
"tentang","3 ","0.13%"
"informasi","3 ","0.13%"
"wonogiri","3 ","0.13%"
"januari","3 ","0.13%"
"nanangri","3 ","0.13%"
"tempattgl","3 ","0.13%"
"file","3 ","0.13%"
"keterangan","3 ","0.13%"
"menulis","3 ","0.13%"
"sukses","3 ","0.13%"
"hp","3 ","0.13%"
"salah","3 ","0.13%"
"jenis","3 ","0.13%"
"cara","3 ","0.13%"
"transkrip","3 ","0.13%"
"berikan","3 ","0.13%"
"maupun","3 ","0.13%"
"nilai","3 ","0.13%"
"dokumen","3 ","0.13%"
"kelamin","3 ","0.13%"
"jika","3 ","0.13%"
"bagi","3 ","0.13%"
"terimakasih","3 ","0.13%"
"tapi","3 ","0.13%"
"berikut","3 ","0.13%"
"hrd","3 ","0.13%"
"keluarga","2 ","0.09%"
"sarjana","2 ","0.09%"
"berdasarkan","2 ","0.09%"
"juni","2 ","0.09%"
"nurjannah","2 ","0.09%"
"paryanto","2 ","0.09%"
"sim","2 ","0.09%"
"dua","2 ","0.09%"
"joko","2 ","0.09%"
"akan","2 ","0.09%"
"agar","2 ","0.09%"
"sejumlah","2 ","0.09%"
"proses","2 ","0.09%"
"tersebut","2 ","0.09%"
"desember","2 ","0.09%"
"sma","2 ","0.09%"
"destafianto","2 ","0.09%"
"penting","2 ","0.09%"
"tbk","2 ","0.09%"
"persero","2 ","0.09%"
"lainnya","2 ","0.09%"
"pengambilan","2 ","0.09%"
"ekonomi","2 ","0.09%"
"nugroho","2 ","0.09%"
"dari","2 ","0.09%"
"karena","2 ","0.09%"
"harbolnas","2 ","0.09%"
"referensinya","2 ","0.09%"
"contohcontoh","2 ","0.09%"
"aamiin","2 ","0.09%"
"manfaat","2 ","0.09%"
"atau","2 ","0.09%"
"klik","2 ","0.09%"
"disini","2 ","0.09%"
"kita","2 ","0.09%"
"memerlukan","2 ","0.09%"
"yg","2 ","0.09%"
"bagus","2 ","0.09%"
"cancel","2 ","0.09%"
"makanan","2 ","0.09%"
"address","2 ","0.09%"
"check","2 ","0.09%"
"muhammad","2 ","0.09%"
"jadi","2 ","0.09%"
"artikelnya","2 ","0.09%"
"boleh","2 ","0.09%"
"nih","2 ","0.09%"
"berhaga","2 ","0.09%"
"lebih","2 ","0.09%"
"kesehatan","2 ","0.09%"
"bagian","2 ","0.09%"
"sri","2 ","0.09%"
"amd","2 ","0.09%"
"nophone","2 ","0.09%"
"bersedia","2 ","0.09%"
"berharap","2 ","0.09%"
"sport","2 ","0.09%"
"station","2 ","0.09%"
"putri","2 ","0.09%"
"mampu","2 ","0.09%"
"melampirkan","2 ","0.09%"
"tanda","2 ","0.09%"
"adalah","2 ","0.09%"
"mau","2 ","0.09%"
"mungkin","2 ","0.09%"
"mustakim","2 ","0.09%"
"mengisi","2 ","0.09%"
"ythbp","2 ","0.09%"
"ijin","2 ","0.09%"
"seleksi","2 ","0.09%"
"saja","2 ","0.09%"
"tim","2 ","0.09%"
"penduduk","2 ","0.09%"
"periksa","2 ","0.09%"
"terkabulnya","2 ","0.09%"
"toko","2 ","0.09%"
"grogol","2 ","0.09%"
"fakta","2 ","0.09%"
"adi","2 ","0.09%"
"saputra","2 ","0.09%"
"kwarasan","2 ","0.09%"
"buku","2 ","0.09%"
"arafah","2 ","0.09%"
"endra","2 ","0.09%"
"sulistiawan","2 ","0.09%"
"kecamatan","2 ","0.09%"
"menu","2 ","0.09%"
"membutuhkan","2 ","0.09%"
"sehubungan","2 ","0.09%"
"lowongan","2 ","0.09%"
"bahwa","2 ","0.09%"
"mei","2 ","0.09%"
"jadikan","2 ","0.09%"
"guna","2 ","0.09%"
"untukmu","2 ","0.09%"
"sesuai","2 ","0.09%"
"lulus","2 ","0.09%"
"artikel","2 ","0.09%"
"lupa","2 ","0.09%"
"jangan","2 ","0.09%"
"setelah","2 ","0.09%"
"eyd","2 ","0.09%"
"dipt","2 ","0.09%"
"related","2 ","0.09%"
"dibagikan","2 ","0.09%"
"kami","2 ","0.09%"
"inggis","2 ","0.09%"
"nya","2 ","0.09%"
"swasta","2 ","0.09%"
"kerjayang","2 ","0.09%"
"search","2 ","0.09%"
"skck","2 ","0.09%"
"menumpuk","2 ","0.09%"
"serengan","2 ","0.09%"
"agus","2 ","0.09%"
"yudiawan","2 ","0.09%"
"telepon","2 ","0.09%"
"bpblogspotcom","2 ","0.09%"
"hal","2 ","0.09%"