"3 Word Phrases","Count","Density"
"contoh surat lamaran","27 ","3.52%"
"surat lamaran kerja","24 ","3.13%"
"yang bapak ibu","13 ","1.69%"
"bapak ibu pimpin","11 ","1.43%"
"opens in new","10 ","1.30%"
"perusahaan yang bapak","10 ","1.30%"
"di perusahaan yang","10 ","1.30%"
"in new window","10 ","1.30%"
"surat lamaran pekerjaan","9 ","1.17%"
"window click to","9 ","1.17%"
"besar harapan saya","9 ","1.17%"
"new window click","9 ","1.17%"
"to share on","8 ","1.04%"
"click to share","8 ","1.04%"
"terima kasih hormat","8 ","1.04%"
"kasih hormat saya","8 ","1.04%"
"harapan saya untuk","8 ","1.04%"
"sebagai bahan pertimbangan","8 ","1.04%"
"at reply thanks","8 ","1.04%"
"daftar riwayat hidup","7 ","0.91%"
"saya ucapkan terima","7 ","0.91%"
"ucapkan terima kasih","7 ","0.91%"
"baik dan benar","7 ","0.91%"
"saya untuk dapat","7 ","0.91%"
"bersama ini saya","6 ","0.78%"
"untuk dapat diterima","6 ","0.78%"
"yang bertanda tangan","6 ","0.78%"
"karyawan di perusahaan","5 ","0.65%"
"ini saya lampirkan","5 ","0.65%"
"lampirkan fotocopy ijazah","5 ","0.65%"
"saya yang bertanda","5 ","0.65%"
"saya lampirkan fotocopy","5 ","0.65%"
"dalam bahasa inggris","5 ","0.65%"
"lamaran kerja yang","5 ","0.65%"
"bertanda tangan dibawah","4 ","0.52%"
"dengan hormat saya","4 ","0.52%"
"dapat diterima di","4 ","0.52%"
"mengajukan lamaran pekerjaan","4 ","0.52%"
"tangan dibawah ini","4 ","0.52%"
"diterima di perusahaan","4 ","0.52%"
"ini saya ingin","4 ","0.52%"
"yang bisa kamu","4 ","0.52%"
"lamaran pekerjaan kepada","4 ","0.52%"
"foto copy kartu","4 ","0.52%"
"foto copy ijazah","4 ","0.52%"
"ibu pimpin saya","4 ","0.52%"
"saya ingin mengajukan","4 ","0.52%"
"yang baik dan","4 ","0.52%"
"kerja contoh surat","3 ","0.39%"
"berkas lamaran kerja","3 ","0.39%"
"atas perhatiannya saya","3 ","0.39%"
"pertimbangan bapak ibu","3 ","0.39%"
"bahan pertimbangan bapak","3 ","0.39%"
"tempat tanggal lahir","3 ","0.39%"
"yang bapakibu pimpin","3 ","0.39%"
"surat keterangan kerja","3 ","0.39%"
"di bawah ini","3 ","0.39%"
"pekerjaan sebagai karyawan","3 ","0.39%"
"sebagai karyawan di","3 ","0.39%"
"bergabung di perusahaan","3 ","0.39%"
"terima kasih atas","3 ","0.39%"
"surat lamaran ini","3 ","0.39%"
"lamaran pekerjaan sebagai","3 ","0.39%"
"hormat saya yang","3 ","0.39%"
"ibu pimpin sebagai","3 ","0.39%"
"at reply izin","3 ","0.39%"
"nanangri at reply","3 ","0.39%"
"bahan pertimbangan bersama","3 ","0.39%"
"lamaran kerja dalam","3 ","0.39%"
"at reply makasih","3 ","0.39%"
"pas foto demikian","3 ","0.39%"
"reply terima kasih","3 ","0.39%"
"lamaran pekerjaan yang","3 ","0.39%"
"kerja dalam bahasa","3 ","0.39%"
"pertimbangan bersama ini","3 ","0.39%"
"cv dan lamaran","3 ","0.39%"
"dibawah ini nama","3 ","0.39%"
"fotocopy ijazah terakhir","3 ","0.39%"
"berkas cv dan","3 ","0.39%"
"terakhir daftar riwayat","3 ","0.39%"
"at reply terima","3 ","0.39%"
"kumpulan berkas cv","3 ","0.39%"
"pas foto terbaru","2 ","0.26%"
"perusahaan yang bapakibu","2 ","0.26%"
"perhatiannya saya ucapkan","2 ","0.26%"
"ini saya nama","2 ","0.26%"
"tanggal lahir surakarta","2 ","0.26%"
"ijazah fotocopy ktp","2 ","0.26%"
"demikian surat permohonan","2 ","0.26%"
"surakarta november kepada","2 ","0.26%"
"bpblogspotcom surakarta november","2 ","0.26%"
"bapakibu pimpin atas","2 ","0.26%"
"pimpin atas perhatiannya","2 ","0.26%"
"pimpin sebagai bahan","2 ","0.26%"
"demikian surat lamaran","2 ","0.26%"
"ijazah terakhir daftar","2 ","0.26%"
"periksa adanya besar","2 ","0.26%"
"dan terkabulnya permohonan","2 ","0.26%"
"terkabulnya permohonan ini","2 ","0.26%"
"menjadikan periksa adanya","2 ","0.26%"
"untuk menjadikan periksa","2 ","0.26%"
"perhatian dan terkabulnya","2 ","0.26%"
"atas perhatian dan","2 ","0.26%"
"adanya besar harapan","2 ","0.26%"
"di perusahaan ini","2 ","0.26%"
"perusahaan ini atas","2 ","0.26%"
"ini atas perhatian","2 ","0.26%"
"permohonan ini saya","2 ","0.26%"
"ini saya ucapkan","2 ","0.26%"
"dengan hormat sehubungan","2 ","0.26%"
"toko buku arafah","2 ","0.26%"
"hormat sehubungan dengan","2 ","0.26%"
"riwayat hidup fotocopy","2 ","0.26%"
"saya endra sulistiawan","2 ","0.26%"
"fotocopy ktp pas","2 ","0.26%"
"kerja surat keterangan","2 ","0.26%"
"demikian untuk menjadikan","2 ","0.26%"
"foto demikian untuk","2 ","0.26%"
"ktp pas foto","2 ","0.26%"
"lamaran kerja surat","2 ","0.26%"
"lamaran kerja menumpuk","2 ","0.26%"
"lembar daftar riwayat","2 ","0.26%"
"copy kartu tanda","2 ","0.26%"
"melampirkan pas foto","2 ","0.26%"
"telah melampirkan pas","2 ","0.26%"
"saya telah melampirkan","2 ","0.26%"
"kartu tanda penduduk","2 ","0.26%"
"tanda penduduk foto","2 ","0.26%"
"saya untuk bisa","2 ","0.26%"
"copy ijazah terakhir","2 ","0.26%"
"penduduk foto copy","2 ","0.26%"
"pertimbangan saya telah","2 ","0.26%"
"bahan pertimbangan saya","2 ","0.26%"
"pimpin saya yang","2 ","0.26%"
"untuk bergabung di","2 ","0.26%"
"diri untuk bergabung","2 ","0.26%"
"bertanda tangan di","2 ","0.26%"
"tangan di bawah","2 ","0.26%"
"nophone sebagai bahan","2 ","0.26%"
"sri lestari amd","2 ","0.26%"
"bawah ini nama","2 ","0.26%"
"bisa bergabung dengan","2 ","0.26%"
"bergabung dengan perusahaan","2 ","0.26%"
"reply lengkap banget","2 ","0.26%"
"at reply lengkap","2 ","0.26%"
"contohcontoh surat lamarannya","2 ","0.26%"
"reply thanks ya","2 ","0.26%"
"at reply aamiin","2 ","0.26%"
"at reply bagus","2 ","0.26%"
"dan lamaran kerja","2 ","0.26%"
"reply thanks sangat","2 ","0.26%"
"sangat membantu sekali","2 ","0.26%"
"kerja yang baik","2 ","0.26%"
"di perusahaan bapak","2 ","0.26%"
"perhatian yang bapak","2 ","0.26%"
"atas perhatian yang","2 ","0.26%"
"dengan perusahaan yang","2 ","0.26%"
"bapak ibu berikan","2 ","0.26%"
"ibu berikan saya","2 ","0.26%"
"perusahaan bapak saya","2 ","0.26%"
"karena itu saya","2 ","0.26%"
"berikan saya ucapkan","2 ","0.26%"
"mengajukan diri untuk","2 ","0.26%"
"ingin mengajukan diri","2 ","0.26%"
"copy kartu keluarga","2 ","0.26%"
"menjadi karyawan di","2 ","0.26%"
"lembar foto copy","2 ","0.26%"
"foto copy ktp","2 ","0.26%"
"ingin mengajukan lamaran","2 ","0.26%"
"saya dapat bekerja","2 ","0.26%"
"secara mandiri maupun","2 ","0.26%"
"bekerja secara mandiri","2 ","0.26%"
"dapat bekerja secara","2 ","0.26%"
"sejumlah dokumen penting","2 ","0.26%"
"lampirkan sejumlah dokumen","2 ","0.26%"
"di tempat dengan","2 ","0.26%"
"mandiri persero tbk","2 ","0.26%"
"bank mandiri persero","2 ","0.26%"
"tempat dengan hormat","2 ","0.26%"
"jenis kelamin laki","2 ","0.26%"
"saya lampirkan sejumlah","2 ","0.26%"
"dengan ini saya","2 ","0.26%"
"kelamin laki laki","2 ","0.26%"
"mandiri maupun dalam","2 ","0.26%"
"maupun dalam tim","2 ","0.26%"
"atas perhatian bapak","2 ","0.26%"
"hidup foto copy","2 ","0.26%"
"riwayat hidup foto","2 ","0.26%"
"dengan hormat bersama","2 ","0.26%"
"hormat bersama dengan","2 ","0.26%"
"lamaran ini saya","2 ","0.26%"
"dengan surat lamaran","2 ","0.26%"
"bersama dengan surat","2 ","0.26%"
"solo dengan hormat","2 ","0.26%"
"pimpin atas perhatian","2 ","0.26%"
"dengan baik sebagai","2 ","0.26%"
"tim dengan baik","2 ","0.26%"
"dalam tim dengan","2 ","0.26%"
"baik sebagai bahan","2 ","0.26%"
"bapak ibu saya","2 ","0.26%"
"ibu pimpin atas","2 ","0.26%"
"bekerja di perusahaan","2 ","0.26%"
"ibu saya lampirkan","2 ","0.26%"
"hal lamaran pekerjaan","2 ","0.26%"
"untuk bisa bergabung","2 ","0.26%"
"lamaran kerja contoh","2 ","0.26%"
"kepada yth hrd","2 ","0.26%"
"membuat surat lamaran","2 ","0.26%"
"lamaran kerja perusahaan","2 ","0.26%"
"kerja perusahaan swasta","2 ","0.26%"
"lamaran kerja sesuai","2 ","0.26%"
"kerja sesuai eyd","2 ","0.26%"
"amp tanggal lahir","2 ","0.26%"
"tempat amp tanggal","2 ","0.26%"
"diterima menjadi karyawan","2 ","0.26%"
"lamaran kerja dipt","2 ","0.26%"
"dan benar contoh","2 ","0.26%"
"dalam bahasa inggis","2 ","0.26%"
"kamu jadikan referensi","2 ","0.26%"
"pekerjaan yang baik","2 ","0.26%"
"surat lamaran kerjayang","2 ","0.26%"
"lamaran kerjayang baik","2 ","0.26%"
"kerjayang baik dan","2 ","0.26%"
"lamaran pekerjaan dalam","2 ","0.26%"
"pekerjaan dalam bahasa","2 ","0.26%"
"kumpulan surat lamaran","2 ","0.26%"
"kerja yang bisa","2 ","0.26%"
"bisa kamu jadikan","2 ","0.26%"
"lamaran kerja terbaru","2 ","0.26%"
"tanggal lahir sukoharjo","2 ","0.26%"
"contoh membuat surat","2 ","0.26%"
"kepada bapak ibu","2 ","0.26%"
"ibu pimpinan untuk","2 ","0.26%"
"bapak ibu pimpinan","2 ","0.26%"
"pekerjaan kepada bapak","2 ","0.26%"
"hp dengan ini","2 ","0.26%"
"dengan ini mengajukan","2 ","0.26%"
"pimpinan untuk diterima","2 ","0.26%"
"untuk diterima menjadi","2 ","0.26%"
"lamaran kerja di","2 ","0.26%"
"no hp dengan","2 ","0.26%"
"kerja di bank","2 ","0.26%"
"mengajukan surat lamaran","2 ","0.26%"
"ini mengajukan surat","2 ","0.26%"